*.matteoflora.com/account,https://www.notion.so/mgpf/Account-Social-rubati-Procedura-05ba961a31114d268108680b1622c621,301,,,,
*.matteoflora.com/bibliografia, https://mgpf.notion.site/Resources-List-for-Reputation-Values-and-Storytelling-48854def5c0c4b7487f04f5c375742d1
*.matteoflora.com/book,https://calendly.com/mgpf
*.matteoflora.com/branded,https://www.canva.com/design/DAFPknPw_RU/SNGomuEgfbvDaESyHtrYEg/view?utm_content=DAFPknPw_RU&utm_campaign=designshare&utm_medium=link&utm_source=publishsharelink
*.matteoflora.com/compedio,https://mgpf.notion.site/Conferenze-e-Registrazioni-5aa618c9e1f24bd7b6bcf104cd9d8521
*.matteoflora.com/diretta,https://www.youtube.com/channel/UCm5H2LH2ISgpX-X5-SP4Vrg/live
*.matteoflora.com/done,https://p4f.my.canva.site/ok-ci-siamo
*.matteoflora.com/en,https://matteoflora.com/english.html
*.matteoflora.com/facebook,https://www.facebook.com/MatteoFloraOfficial/
*.matteoflora.com/futuro,https://landing.mgpf.it/futuro
*.matteoflora.com/gps,https://eur-share.explore.garmin.com/mgpf
*.matteoflora.com/live,https://www.YouTube.com/channel/UCm5H2LH2ISgpX-X5-SP4Vrg/live
*.matteoflora.com/mastermind,https://www.notion.so/mgpf/GPT-MasterMind-da6759b001e041e8b3bd677cbd630644?pvs=4
*.matteoflora.com/metaverso,https://www.canva.com/design/DAFQB4RgJs0/8XXfY3X_0ECnNxsplOaM3w/view?utm_content=DAFQB4RgJs0&utm_campaign=designshare&utm_medium=link&utm_source=publishsharelink
*.matteoflora.com/newsletter,https://landing.mgpf.it/newsletter
*.matteoflora.com/podcast,https://www.spreaker.com/show/lo-show-di-matteo-g-p-flora
*.matteoflora.com/presskit,https://mgpf.it/presskit
*.matteoflora.com/pro,https://www.youtube.com/channel/UCm5H2LH2ISgpX-X5-SP4Vrg/join
*.matteoflora.com/rassegna,https://www.notion.so/mgpf/Rassegna-Stampa-d570652573764aeb80f827707da37d9f
*.matteoflora.com/registrazione,https://calendly.com/mgpf/mic
*.matteoflora.com/svapo,https://www.notion.so/mgpf/Guida-acquisti-SVAPO-01db9e874f9147e58e2adfe45a90dfc0
*.matteoflora.com/telegram,https://t.me/matteoflora
*.matteoflora.com/youtube,https://www.youtube.com/channel/UCm5H2LH2ISgpX-X5-SP4Vrg?sub_confirmation=1
*.matteoflora.com/zoom,https://us02web.zoom.us/my/matteoflora